basic_r.squared	basic_p.value	basic_n	basic_message	main_r.squared	main_p.value	main_n	main_message
0.000504162629888656	6.49946013574947e-27	8972		0.000179512759154211	0.00725454870641919	8118	
