mgsid	estimate	lower	upper	se	p.value	n	estimate.infl	lower.infl	upper.infl	se.infl	p.value.infl	n.infl	rm.val	converg.infl.Var1	converg.infl.Freq	message
HG3A.0559	0.0637082493116704	0.0231318693556869	0.104284629267654	0.0206994747544214	0.00209262277466107	8118	0.0910337949095945	0.045257243252828	0.136810346566361	0.0233522693892339	9.76700777143597e-05	8117	5593	TRUE	8118	
