mgsid	estimate	lower	upper	se	p.value	n	estimate.infl	lower.infl	upper.infl	se.infl	p.value.infl	n.infl	rm.val	converg.infl.Var1	converg.infl.Freq	message
HG3A.0259	0.0485824810724742	0.00771266045806573	0.0894523016868826	0.020849170019084	0.0198210284811118	8118	0.0418654035164549	0.000499899943723625	0.0832309070891862	0.0211020353995868	0.047295513424008	8117	4680	TRUE	8118	
