mgsid	estimate	lower	upper	se	p.value	n	estimate.infl	lower.infl	upper.infl	se.infl	p.value.infl	n.infl	rm.val	converg.infl.Var1	converg.infl.Freq	message
HG3A.0195	0.0917242287337564	0.0498243479524295	0.133624109515083	0.0213746409471929	1.79756324340081e-05	8118	0.098129889894113	0.0558134888974146	0.140446290890811	0.0215871225265191	5.5543637366083e-06	8117	2181	TRUE	8118	
