mgsid	estimate	lower	upper	se	p.value	n	estimate.infl	lower.infl	upper.infl	se.infl	p.value.infl	n.infl	rm.val	converg.infl.Var1	converg.infl.Freq	message
HG3A.0616	-0.0529401119379851	-0.0948648283465994	-0.0110153955293708	0.0213873100476603	0.0133328589978053	8118	-0.0622384353899033	-0.104770020685757	-0.0197068500940496	0.0216968952664591	0.00413451631172049	8117	403	TRUE	8118	
