mgsid	estimate	lower	upper	se	p.value	n	estimate.infl	lower.infl	upper.infl	se.infl	p.value.infl	n.infl	rm.val	converg.infl.Var1	converg.infl.Freq	message
HG3A.1222	0.0698341987183943	0.0303793640979418	0.109289033338847	0.0201273343878865	0.00052394980959084	8118	0.0634735976718833	0.0234714740571383	0.103475721286628	0.020406525799995	0.00187457469411984	8117	2102	TRUE	8118	
