mgsid	estimate	lower	upper	se	p.value	n	estimate.infl	lower.infl	upper.infl	se.infl	p.value.infl	n.infl	rm.val	converg.infl.Var1	converg.infl.Freq	message
HG3A.0243	0.0666016861555997	0.0237856192341195	0.10941775307708	0.021842018266471	0.00230168942558253	8118	0.059533930004482	0.0162297847773367	0.102838075231627	0.0220910041235282	0.00705488778506581	8117	899	TRUE	8118	
