mgsid	estimate	lower	upper	se	p.value	n	estimate.infl	lower.infl	upper.infl	se.infl	p.value.infl	n.infl	rm.val	converg.infl.Var1	converg.infl.Freq	message
HG3A.0505	-0.0541763786325446	-0.0948483649308549	-0.0135043923342342	0.0207482454280327	0.00904123558145417	8118	-0.0603526794869859	-0.101189959978625	-0.0195153989953464	0.0208325674801368	0.00377732694669237	8117	6257	TRUE	8118	
