mgsid	estimate	lower	upper	se	p.value	n	estimate.infl	lower.infl	upper.infl	se.infl	p.value.infl	n.infl	rm.val	converg.infl.Var1	converg.infl.Freq	message
HG3A.0226	-0.045604142866627	-0.0856355393210876	-0.0055727464121663	0.0204214589963644	0.0255667965958213	8118	-0.0562717117819125	-0.0968555542858408	-0.0156878692779842	0.0207032812019891	0.00658178525488469	8117	7578	TRUE	8118	
