mgsid	estimate	lower	upper	se	p.value	n	estimate.infl	lower.infl	upper.infl	se.infl	p.value.infl	n.infl	rm.val	converg.infl.Var1	converg.infl.Freq	message
HG3A.1387	0.0648003624853955	0.0240454539383962	0.105555271032395	0.0207905492636515	0.00183463582155011	8118	0.0546906913591842	0.0123590183959177	0.0970223643224507	0.0215949132180237	0.0113418885672404	8117	3272	TRUE	8118	
