mgsid	estimate	lower	upper	se	p.value	n	estimate.infl	lower.infl	upper.infl	se.infl	p.value.infl	n.infl	rm.val	converg.infl.Var1	converg.infl.Freq	message
HG3A.0466	0.0549476512514363	0.0157439132956709	0.0941513892072018	0.0199992399589205	0.0060188755751935	8118	0.10877916111627	0.0338668489071759	0.183691473325365	0.0382154664452249	0.0044319849774105	8117	1510	TRUE	8118	
