mgsid	estimate	lower	upper	se	p.value	n	estimate.infl	lower.infl	upper.infl	se.infl	p.value.infl	n.infl	rm.val	converg.infl.Var1	converg.infl.Freq	message
HG3A.1323	0.0547310088381696	0.01428850013719	0.0951735175391492	0.0206311759300083	0.00799783404079193	8118	0.0470326181006082	0.00529898374054824	0.0887662524606681	0.0212898237361512	0.0271919190241592	8117	3354	TRUE	8118	
