mgsid	estimate	lower	upper	se	p.value	n	estimate.infl	lower.infl	upper.infl	se.infl	p.value.infl	n.infl	rm.val	converg.infl.Var1	converg.infl.Freq	message
HG3A.0680	0.102743094079068	0.061119766180757	0.144366421977379	0.021233561066692	1.33133912894433e-06	8118	0.114245428096987	0.0715658148396417	0.156925041354332	0.021772409822679	1.58351488977821e-07	8117	6888	TRUE	8118	
