mgsid	estimate	lower	upper	se	p.value	n	estimate.infl	lower.infl	upper.infl	se.infl	p.value.infl	n.infl	rm.val	converg.infl.Var1	converg.infl.Freq	message
HG3A.0942	0.0742344056536764	0.0345056236663287	0.113963187641024	0.0202670672564287	0.000251088354148729	8118	0.0643422586771649	0.023401654730644	0.105282862623686	0.0208852749236225	0.00207185296983883	8117	4854	TRUE	8118	
