mgsid	estimate	lower	upper	se	p.value	n	estimate.infl	lower.infl	upper.infl	se.infl	p.value.infl	n.infl	rm.val	converg.infl.Var1	converg.infl.Freq	message
HG3A.0014	0.050493183748697	0.00794055234821665	0.0930458151491773	0.0217076325890336	0.0200404467251009	8118	0.0470911410407954	0.00444388391964702	0.0897383981619439	0.021755904170192	0.0304538396677441	8117	1767	TRUE	8118	
