mgsid	estimate	lower	upper	se	p.value	n	estimate.infl	lower.infl	upper.infl	se.infl	p.value.infl	n.infl	rm.val	converg.infl.Var1	converg.infl.Freq	message
HG3A.1212	0.0685643157724585	0.0287915518909126	0.108337079654004	0.0202895212893118	0.00073019611861009	8118	0.0587898050269909	0.017202743728277	0.100376866325705	0.0212150594539367	0.00559905346208796	8117	2265	TRUE	8118	
