mgsid	estimate	lower	upper	se	p.value	n	estimate.infl	lower.infl	upper.infl	se.infl	p.value.infl	n.infl	rm.val	converg.infl.Var1	converg.infl.Freq	message
HG3A.0072	-0.0471079366135729	-0.0885046875545081	-0.00571118567263767	0.0211179762625603	0.0257284801969841	8118	-0.0494655388031395	-0.0908857100504054	-0.00804536755587367	0.0211299234040905	0.0192557072765265	8117	1472	TRUE	8118	
