mgsid	estimate	lower	upper	se	p.value	n	estimate.infl	lower.infl	upper.infl	se.infl	p.value.infl	n.infl	rm.val	converg.infl.Var1	converg.infl.Freq	message
HG3A.1129	0.0640954017904462	0.0250653513762545	0.103125452204638	0.0199104491775103	0.00129102259977724	8118	0.0467937894407005	0.00378359224090975	0.0898039866404913	0.0219407139244367	0.0329797757585844	8117	232	TRUE	8118	
