mgsid	estimate	lower	upper	se	p.value	n	estimate.infl	lower.infl	upper.infl	se.infl	p.value.infl	n.infl	rm.val	converg.infl.Var1	converg.infl.Freq	message
HG3A.0067	-0.0521186062315156	-0.0928825213169461	-0.0113546911460851	0.02079514242968	0.0122203782313083	8118	-0.0544652156136297	-0.0952238858329489	-0.0137065453943106	0.0207924664460449	0.00882335682844103	8117	4257	TRUE	8118	
