mgsid	estimate	lower	upper	se	p.value	n	estimate.infl	lower.infl	upper.infl	se.infl	p.value.infl	n.infl	rm.val	converg.infl.Var1	converg.infl.Freq	message
HG3A.0676	0.0822837259513927	0.0413350341513659	0.12323241775142	0.0208894046847405	8.25130550578751e-05	8118	0.0738757357828438	0.0317773427461352	0.115974128819552	0.021475908239375	0.000584831639796737	8117	4739	TRUE	8118	
