mgsid	estimate	lower	upper	se	p.value	n	estimate.infl	lower.infl	upper.infl	se.infl	p.value.infl	n.infl	rm.val	converg.infl.Var1	converg.infl.Freq	message
HG3A.0372	0.0622956486067066	0.0212102897634122	0.103381007450001	0.0209591239024869	0.00296513180385883	8118	0.0557302892222937	0.0140688990503194	0.097391679394268	0.0212529778474705	0.00875212563954782	8117	3643	TRUE	8118	
