mgsid	estimate	lower	upper	se	p.value	n	estimate.infl	lower.infl	upper.infl	se.infl	p.value.infl	n.infl	rm.val	converg.infl.Var1	converg.infl.Freq	message
HG3A.0117	0.0787217581177224	0.0351303625368578	0.122313153698587	0.0222375434489179	0.000402347821423547	8118	0.0863083401312407	0.0417273871821647	0.130889293080317	0.0227423518914575	0.000148706662648728	8117	5593	TRUE	8118	
