mgsid	estimate	lower	upper	se	p.value	n	estimate.infl	lower.infl	upper.infl	se.infl	p.value.infl	n.infl	rm.val	converg.infl.Var1	converg.infl.Freq	message
HG3A.0511	0.0723618858461398	0.0307093188928685	0.114014452799411	0.0212484756477632	0.000663664015909366	8118	0.0617410536439633	0.0181603152456288	0.105321792042298	0.0222321047221664	0.00549722587512931	8117	899	TRUE	8118	
