mgsid	estimate	lower	upper	se	p.value	n	estimate.infl	lower.infl	upper.infl	se.infl	p.value.infl	n.infl	rm.val	converg.infl.Var1	converg.infl.Freq	message
HG3A.1733	0.0673307968173452	0.0279258997489231	0.106735693885767	0.0201018590439866	0.000813383706993715	8118	0.123723808769609	0.0583639261949775	0.18908369134424	0.0333424325827958	0.000208091271770664	8117	6170	TRUE	8118	
