mgsid	estimate	lower	upper	se	p.value	n	estimate.infl	lower.infl	upper.infl	se.infl	p.value.infl	n.infl	rm.val	converg.infl.Var1	converg.infl.Freq	message
HG3A.0713	0.0736597261794655	0.031456048717016	0.115863403641915	0.0215296184567985	0.000626303681591196	8118	0.0588655391611435	0.00992515648201031	0.107805921840277	0.0249662544737771	0.0184073846818336	8117	429	TRUE	8118	
