mgsid	estimate	lower	upper	se	p.value	n	estimate.infl	lower.infl	upper.infl	se.infl	p.value.infl	n.infl	rm.val	converg.infl.Var1	converg.infl.Freq	message
HG3A.1909	0.0644778184087176	0.0255708380639504	0.103384798753485	0.0198478536624757	0.00116452753538718	8118	0.0555364820596619	0.011871131230107	0.0992018328892168	0.0222752696125106	0.0126802126757335	8117	3075	TRUE	8118	
