mgsid	estimate	lower	upper	se	p.value	n	estimate.infl	lower.infl	upper.infl	se.infl	p.value.infl	n.infl	rm.val	converg.infl.Var1	converg.infl.Freq	message
HG3A.1250	0.0458075662033782	0.00671573558986595	0.0848993968168905	0.019942153206446	0.0216432758272724	8118	0.0731111726788407	0.0219561734769466	0.124266171880735	0.0260960102624152	0.00509687838619825	8117	6353	TRUE	8118	
