mgsid	estimate	lower	upper	se	p.value	n	estimate.infl	lower.infl	upper.infl	se.infl	p.value.infl	n.infl	rm.val	converg.infl.Var1	converg.infl.Freq	message
HG3A.1518	0.101108276017157	0.0474974024122501	0.154719149622065	0.0273488409148302	0.000219637069482481	8118	0.114346141348265	0.0585525088001545	0.170139773896376	0.0284623444733335	5.93706213482445e-05	8117	4117	TRUE	8118	
