mgsid	estimate	lower	upper	se	p.value	n	estimate.infl	lower.infl	upper.infl	se.infl	p.value.infl	n.infl	rm.val	converg.infl.Var1	converg.infl.Freq	message
HG3A.0024	0.0706353568407878	0.0288998337808503	0.112370879900725	0.0212907961233766	0.000911850100772415	8118	0.0755223558639536	0.0336137220291041	0.117430989698803	0.0213791057677506	0.000413928147543532	8117	2403	TRUE	8118	
