mgsid	estimate	lower	upper	se	p.value	n	estimate.infl	lower.infl	upper.infl	se.infl	p.value.infl	n.infl	rm.val	converg.infl.Var1	converg.infl.Freq	message
HG3A.0439	0.0541538235234776	0.0128167068256858	0.0954909402212694	0.0210875531043994	0.0102453752949286	8118	0.0484685727531055	0.00605182485357651	0.0908853206526344	0.0216383114781068	0.025122092823491	8117	5556	TRUE	8118	
