mgsid	estimate	lower	upper	se	p.value	n	estimate.infl	lower.infl	upper.infl	se.infl	p.value.infl	n.infl	rm.val	converg.infl.Var1	converg.infl.Freq	message
HG3A.0920	-0.0610795910118978	-0.100964724796892	-0.0211944572269039	0.0203468440805902	0.00269113779122037	8118	-0.0701321136623731	-0.110709338723091	-0.0295548886016553	0.0206999041340162	0.000707345348408114	8117	7590	TRUE	8118	
