mgsid	estimate	lower	upper	se	p.value	n	estimate.infl	lower.infl	upper.infl	se.infl	p.value.infl	n.infl	rm.val	converg.infl.Var1	converg.infl.Freq	message
HG3A.1149	0.0797371258019835	0.0408189535616158	0.118655298042351	0.0198535631124061	5.96706659201978e-05	8118	0.0965821223015497	0.0538445854218415	0.139319659181258	0.0218019583732806	9.55016730715605e-06	8117	1574	TRUE	8118	
