mgsid	estimate	lower	upper	se	p.value	n	estimate.infl	lower.infl	upper.infl	se.infl	p.value.infl	n.infl	rm.val	converg.infl.Var1	converg.infl.Freq	message
HG3A.0759	0.062616983024247	0.0212982291024718	0.103935736946022	0.0210781816955752	0.00298007221580774	8118	0.0558757364483819	0.0141328367870371	0.0976186361097266	0.0212945527212427	0.00870835922228589	8117	3818	TRUE	8118	
