mgsid	estimate	lower	upper	se	p.value	n	estimate.infl	lower.infl	upper.infl	se.infl	p.value.infl	n.infl	rm.val	converg.infl.Var1	converg.infl.Freq	message
HG3A.1923	0.0548263049694341	0.016183411491782	0.0934691984470861	0.0197131068723047	0.00542847567618868	8118	0.0691821310003602	0.0281816712134621	0.110182590787258	0.0209157739829811	0.000945025343286324	8117	982	TRUE	8118	
