mgsid	estimate	lower	upper	se	p.value	n	estimate.infl	lower.infl	upper.infl	se.infl	p.value.infl	n.infl	rm.val	converg.infl.Var1	converg.infl.Freq	message
HG3A.1158	0.0792355599027094	0.0363964986390805	0.122074621166338	0.0218537233681688	0.000289963689541167	8118	0.0687351413025311	0.0252742716429918	0.11219601096207	0.0221709265899061	0.00194045119247644	8117	4257	TRUE	8118	
