mgsid	estimate	lower	upper	se	p.value	n	estimate.infl	lower.infl	upper.infl	se.infl	p.value.infl	n.infl	rm.val	converg.infl.Var1	converg.infl.Freq	message
HG3A.0579	0.0649930998110974	0.0216875536792461	0.108298645942949	0.0220917172639364	0.00327073813794548	8118	0.0809403250956778	0.0357014312388601	0.126179218952496	0.0230779860856381	0.000455254268055015	8117	5662	TRUE	8118	
