mgsid	estimate	lower	upper	se	p.value	n	estimate.infl	lower.infl	upper.infl	se.infl	p.value.infl	n.infl	rm.val	converg.infl.Var1	converg.infl.Freq	message
HG3A.1462	0.0671110441418789	0.0265121135162721	0.107709974767486	0.020710978681883	0.00119867958789246	8118	0.102024958404774	0.0409146988563018	0.163135217953246	0.031174546784716	0.00106978373519218	8117	4921	TRUE	8118	
