mgsid	estimate	lower	upper	se	p.value	n	estimate.infl	lower.infl	upper.infl	se.infl	p.value.infl	n.infl	rm.val	converg.infl.Var1	converg.infl.Freq	message
HG3A.0884	0.0585509255576475	0.0176033582512299	0.0994984928640651	0.0208888307686372	0.00507553611813313	8118	0.0706233879645155	0.0283285614465605	0.11291821448247	0.0215761158676104	0.00106782014730229	8117	1471	TRUE	8118	
