mgsid	estimate	lower	upper	se	p.value	n	estimate.infl	lower.infl	upper.infl	se.infl	p.value.infl	n.infl	rm.val	converg.infl.Var1	converg.infl.Freq	message
HG3A.0240	0.0601623846777062	0.0195848110472535	0.100739958308159	0.0207000828554532	0.00366639015887554	8118	0.0557324478678131	0.0149604686168343	0.0965044271187918	0.0207992557763938	0.00738746402243703	8117	314	TRUE	8118	
