mgsid	estimate	lower	upper	se	p.value	n	estimate.infl	lower.infl	upper.infl	se.infl	p.value.infl	n.infl	rm.val	converg.infl.Var1	converg.infl.Freq	message
HG3A.0669	0.0607432469008659	0.0178162723546545	0.103670221447077	0.0218985983398693	0.00555273280571439	8118	0.0485735352957357	0.00250104721672231	0.0946460233747491	0.0235032374506012	0.038797048406175	8117	7357	TRUE	8118	
