mgsid	estimate	lower	upper	se	p.value	n	estimate.infl	lower.infl	upper.infl	se.infl	p.value.infl	n.infl	rm.val	converg.infl.Var1	converg.infl.Freq	message
HG3A.0424	0.0464443804187435	0.00511672402010381	0.0877720368173832	0.0210827278309601	0.0276261350341478	8118	0.0437330537112332	0.00232730967768446	0.085138797744782	0.0211225627532287	0.0384430099733723	8117	2520	TRUE	8118	
