mgsid	estimate	lower	upper	se	p.value	n	estimate.infl	lower.infl	upper.infl	se.infl	p.value.infl	n.infl	rm.val	converg.infl.Var1	converg.infl.Freq	message
HG3A.0100	-0.066008131296749	-0.108669233738414	-0.0233470288550837	0.0217629655784698	0.0024287520919879	8118	-0.0688192710438665	-0.111545342826305	-0.0260931992614276	0.0217961083772484	0.001597702039808	8117	2584	TRUE	8118	
