mgsid	estimate	lower	upper	se	p.value	n	estimate.infl	lower.infl	upper.infl	se.infl	p.value.infl	n.infl	rm.val	converg.infl.Var1	converg.infl.Freq	message
HG3A.0479	-0.048654266554708	-0.0890738300147864	-0.00823470309462962	0.0206194718094663	0.0183172939550123	8118	-0.044743057757974	-0.0854076511878437	-0.00407846432810437	0.0207444697700277	0.0310458734849658	8117	565	TRUE	8118	
