mgsid	estimate	lower	upper	se	p.value	n	estimate.infl	lower.infl	upper.infl	se.infl	p.value.infl	n.infl	rm.val	converg.infl.Var1	converg.infl.Freq	message
HG3A.0142	0.069867741628219	0.0286023157082903	0.111133167548148	0.0210509822973676	0.000907523878358468	8118	0.0743694559821429	0.0327257349561067	0.116013177008179	0.021243963895123	0.000466514988847131	8117	2511	TRUE	8118	
