mgsid	estimate	lower	upper	se	p.value	n	estimate.infl	lower.infl	upper.infl	se.infl	p.value.infl	n.infl	rm.val	converg.infl.Var1	converg.infl.Freq	message
HG3A.1458	0.0582252623151229	0.0193866921158668	0.097063832514379	0.0198129552456872	0.00330486007254988	8118	0.0452391058255522	0.00428719428748097	0.0861910173636233	0.0208910464650887	0.0303806204757272	8117	7566	TRUE	8118	
