mgsid	estimate	lower	upper	se	p.value	n	estimate.infl	lower.infl	upper.infl	se.infl	p.value.infl	n.infl	rm.val	converg.infl.Var1	converg.infl.Freq	message
HG3A.0922	0.0630125526522345	0.0220479849101489	0.10397712039432	0.0208975015809527	0.00257520563242912	8118	0.0563631355985828	0.0150081962879573	0.0977180749092083	0.0210966436450589	0.00756296405709052	8117	1485	TRUE	8118	
