mgsid	estimate	lower	upper	se	p.value	n	estimate.infl	lower.infl	upper.infl	se.infl	p.value.infl	n.infl	rm.val	converg.infl.Var1	converg.infl.Freq	message
HG3A.1278	0.0570577788831959	0.0178534100392497	0.0962621477271421	0.0199995138473564	0.00434275095809973	8118	0.0784121623071296	0.0312751106283686	0.125549213985891	0.0240461736827102	0.0011154282001234	8117	4813	TRUE	8118	
