mgsid	estimate	lower	upper	se	p.value	n	estimate.infl	lower.infl	upper.infl	se.infl	p.value.infl	n.infl	rm.val	converg.infl.Var1	converg.infl.Freq	message
HG3A.0705	0.102347145975581	0.0575820661139544	0.147112225837207	0.0228362818267085	7.50563600180531e-06	8118	0.0921962604132667	0.0430551942110566	0.141337326615477	0.0250686298340874	0.000236843543560631	8117	429	TRUE	8118	
