mgsid	estimate	lower	upper	se	p.value	n	estimate.infl	lower.infl	upper.infl	se.infl	p.value.infl	n.infl	rm.val	converg.infl.Var1	converg.infl.Freq	message
HG3A.0433	0.0680330279982567	0.0254542903524081	0.110611765644105	0.0217209483208247	0.00174165687313217	8118	0.059292055730946	0.0162917665057452	0.102292344956147	0.0219359964536699	0.00688712168513172	8117	1185	TRUE	8118	
