mgsid	estimate	lower	upper	se	p.value	n	estimate.infl	lower.infl	upper.infl	se.infl	p.value.infl	n.infl	rm.val	converg.infl.Var1	converg.infl.Freq	message
HG3A.0721	0.0681535623340197	0.0273160226542145	0.108991102013825	0.0208327017000845	0.00107444303157498	8118	0.0802302095562947	0.0361738922959613	0.124286526816628	0.0224747158120442	0.000359356300137096	8117	4927	TRUE	8118	
