mgsid	estimate	lower	upper	se	p.value	n	estimate.infl	lower.infl	upper.infl	se.infl	p.value.infl	n.infl	rm.val	converg.infl.Var1	converg.infl.Freq	message
HG3A.0935	-0.0656135828904089	-0.106717818982502	-0.0245093467983163	0.0209687538826432	0.0017596718747298	8118	-0.0614267155159896	-0.102987471703357	-0.0198659593286227	0.0212016408490771	0.00377458735496206	8117	7607	TRUE	8118	
