mgsid	estimate	lower	upper	se	p.value	n	estimate.infl	lower.infl	upper.infl	se.infl	p.value.infl	n.infl	rm.val	converg.infl.Var1	converg.infl.Freq	message
HG3A.0009	0.067667586109632	0.0264645210024735	0.10887065121679	0.0210191677945117	0.00129006153895523	8118	0.0651249194334255	0.0238324177934431	0.106417421073408	0.0210647922034018	0.00199735641544672	8117	3845	TRUE	8118	
