mgsid	estimate	lower	upper	se	p.value	n	estimate.infl	lower.infl	upper.infl	se.infl	p.value.infl	n.infl	rm.val	converg.infl.Var1	converg.infl.Freq	message
HG3A.1800	0.0443913571829101	0.00456588091582406	0.0842168334499961	0.0203164116710647	0.0289178424157009	8118	0.0308950197268299	-0.0205136989098563	0.0823037383635161	0.0262254408962149	0.238809696000205	8117	183	TRUE	8118	
