mgsid	estimate	lower	upper	se	p.value	n	estimate.infl	lower.infl	upper.infl	se.infl	p.value.infl	n.infl	rm.val	converg.infl.Var1	converg.infl.Freq	message
HG3A.0139	-0.0555760338160072	-0.0964779294094019	-0.0146741382226124	0.020865532437555	0.00774801276180247	8118	-0.0595564546200383	-0.100907963542286	-0.0182049456977903	0.0210948959747935	0.0047655189396296	8117	3988	TRUE	8118	
