mgsid	estimate	lower	upper	se	p.value	n	estimate.infl	lower.infl	upper.infl	se.infl	p.value.infl	n.infl	rm.val	converg.infl.Var1	converg.infl.Freq	message
HG3A.0190	0.0662260322540237	0.0257350786937388	0.106716985814309	0.0206558961011011	0.00135051118161774	8118	0.0587011084308435	0.0175065602019761	0.0998956566597109	0.0210148246626726	0.00522945510185209	8117	2265	TRUE	8118	
