mgsid	estimate	lower	upper	se	p.value	n	estimate.infl	lower.infl	upper.infl	se.infl	p.value.infl	n.infl	rm.val	converg.infl.Var1	converg.infl.Freq	message
HG3A.1171	0.0452759433990797	0.00543936237235888	0.0851125244258004	0.0203220770433824	0.0259136757006156	8118	0.0561050923271086	0.0136804185395769	0.0985297661146403	0.0216423561669044	0.00954897656221778	8117	3411	TRUE	8118	
