mgsid	estimate	lower	upper	se	p.value	n	estimate.infl	lower.infl	upper.infl	se.infl	p.value.infl	n.infl	rm.val	converg.infl.Var1	converg.infl.Freq	message
HG3A.0930	0.0759209868156138	0.0334163242037351	0.118425649427492	0.0216831619677794	0.000465386042898909	8118	0.0644189460555011	0.0211312759929366	0.107706616118066	0.0220826019076272	0.00354195730799217	8117	4257	TRUE	8118	
