mgsid	estimate	lower	upper	se	p.value	n	estimate.infl	lower.infl	upper.infl	se.infl	p.value.infl	n.infl	rm.val	converg.infl.Var1	converg.infl.Freq	message
HG3A.1066	0.0597423176884018	0.0202558407404141	0.0992287946363896	0.020143473274758	0.00302752411245111	8118	0.0722742546460794	0.0309152438663372	0.113633265425822	0.0210986762942089	0.000616726897782008	8117	981	TRUE	8118	
