mgsid	estimate	lower	upper	se	p.value	n	estimate.infl	lower.infl	upper.infl	se.infl	p.value.infl	n.infl	rm.val	converg.infl.Var1	converg.infl.Freq	message
HG3A.1354	0.0895210111204004	0.0483505078341738	0.130691514406627	0.0210025584091474	2.04583131343497e-05	8118	0.122554646487069	0.059049248584928	0.18606004438921	0.0323963931253096	0.000156100097879875	8117	545	TRUE	8118	
