mgsid	estimate	lower	upper	se	p.value	n	estimate.infl	lower.infl	upper.infl	se.infl	p.value.infl	n.infl	rm.val	converg.infl.Var1	converg.infl.Freq	message
HG3A.1303	0.0637050548330815	0.0241370636943967	0.103273045971766	0.020185057266964	0.00160516573498209	8118	0.0769106432668524	0.0355122217597264	0.118309064773978	0.021118824567314	0.000272450161537674	8117	3010	TRUE	8118	
