mgsid	estimate	lower	upper	se	p.value	n	estimate.infl	lower.infl	upper.infl	se.infl	p.value.infl	n.infl	rm.val	converg.infl.Var1	converg.infl.Freq	message
HG3A.1967	0.0645135793539474	0.00643741840301376	0.122589740304881	0.0296267439779591	0.0294690975677182	8118	0.0309991240671679	-0.0718427158793395	0.133840964013675	0.0524633301391723	0.554622782578527	8117	1241	TRUE	8118	
