mgsid	estimate	lower	upper	se	p.value	n	estimate.infl	lower.infl	upper.infl	se.infl	p.value.infl	n.infl	rm.val	converg.infl.Var1	converg.infl.Freq	message
HG3A.1018	0.0671033153820301	0.0272308826656018	0.106975748098458	0.020340356479377	0.000974481530843986	8118	0.0571310812318264	0.01543816614545	0.0988239963182028	0.021269046639718	0.00724387049936559	8117	1472	TRUE	8118	
