mgsid	estimate	lower	upper	se	p.value	n	estimate.infl	lower.infl	upper.infl	se.infl	p.value.infl	n.infl	rm.val	converg.infl.Var1	converg.infl.Freq	message
HG3A.0046	-0.0738065030359205	-0.114885565867934	-0.0327274402039071	0.0209559117066504	0.000430714835128929	8118	-0.0755409139640374	-0.116616191689548	-0.0344656362385263	0.0209539803854943	0.000313952331082425	8117	5140	TRUE	8118	
