mgsid	estimate	lower	upper	se	p.value	n	estimate.infl	lower.infl	upper.infl	se.infl	p.value.infl	n.infl	rm.val	converg.infl.Var1	converg.infl.Freq	message
HG3A.0270	0.0490039081689315	0.00843807367289685	0.0895697426649661	0.0206940951662535	0.0179075581052754	8118	0.041719826130593	-0.000407208669071089	0.0838468609302571	0.0214905192583584	0.0522554803507885	8117	648	TRUE	8118	
