mgsid	estimate	lower	upper	se	p.value	n	estimate.infl	lower.infl	upper.infl	se.infl	p.value.infl	n.infl	rm.val	converg.infl.Var1	converg.infl.Freq	message
HG3A.0919	0.0886278979766186	0.0389520700376576	0.13830372591558	0.0253414320403242	0.000472460076578577	8118	0.0754386399710594	0.0219850385379962	0.128892241404123	0.027268610145174	0.0056791799797078	8117	3272	TRUE	8118	
