mgsid	estimate	lower	upper	se	p.value	n	estimate.infl	lower.infl	upper.infl	se.infl	p.value.infl	n.infl	rm.val	converg.infl.Var1	converg.infl.Freq	message
HG3A.0854	0.050814703226324	0.00987485312105803	0.09175455333159	0.0208848944442619	0.0149926397909264	8118	0.0420732111618696	0.000363144395757839	0.0837832779279813	0.021277809231452	0.0480389120009659	8117	2812	TRUE	8118	
