mgsid	estimate	lower	upper	se	p.value	n	estimate.infl	lower.infl	upper.infl	se.infl	p.value.infl	n.infl	rm.val	converg.infl.Var1	converg.infl.Freq	message
HG3A.0084	-0.0623525979736866	-0.103655519358859	-0.0210496765885137	0.0210701102417966	0.00309253133975197	8118	-0.0685978764746564	-0.110162300769702	-0.0270334521796112	0.0212035118963215	0.00122047443033637	8117	1805	TRUE	8118	
