mgsid	estimate	lower	upper	se	p.value	n	estimate.infl	lower.infl	upper.infl	se.infl	p.value.infl	n.infl	rm.val	converg.infl.Var1	converg.infl.Freq	message
HG3A.0092	-0.051013339483495	-0.0919386190874938	-0.0100880598794963	0.0208774609530882	0.0145685109955602	8118	-0.0545675849976975	-0.0955536674385005	-0.0135815025568944	0.0209084782576154	0.00907563047289978	8117	725	TRUE	8118	
