mgsid	estimate	lower	upper	se	p.value	n	estimate.infl	lower.infl	upper.infl	se.infl	p.value.infl	n.infl	rm.val	converg.infl.Var1	converg.infl.Freq	message
MF0052	0.0650988425413459	0.0185129058841001	0.111684779198592	0.0237651666313503	0.0061715424847679	8118	0.0731486485748836	0.025840541939685	0.120456755210082	0.0241335710036782	0.00244533812346411	8117	3234	TRUE	8118	
