mgsid	estimate	lower	upper	se	p.value	n	estimate.infl	lower.infl	upper.infl	se.infl	p.value.infl	n.infl	rm.val	converg.infl.Var1	converg.infl.Freq	message
MF0101	0.0792496082676411	0.0378785981388792	0.120620618396403	0.0211048437963796	0.000174543771881913	8118	0.0833658638281557	0.0418728900205353	0.124858837635776	0.0211670614508957	8.27008839048114e-05	8117	2403	TRUE	8118	
