mgsid	estimate	lower	upper	se	p.value	n	estimate.infl	lower.infl	upper.infl	se.infl	p.value.infl	n.infl	rm.val	converg.infl.Var1	converg.infl.Freq	message
MF0080	0.0644279610645984	0.0218079319020828	0.107047990227114	0.0217420132609901	0.00305265343978472	8118	0.0612501492834488	0.0185037630570041	0.103996535509893	0.0218064725408645	0.00498465308986955	8117	3377	TRUE	8118	
