mgsid	estimate	lower	upper	se	p.value	n	estimate.infl	lower.infl	upper.infl	se.infl	p.value.infl	n.infl	rm.val	converg.infl.Var1	converg.infl.Freq	message
MF0016	0.0639116717233677	0.022418769587314	0.105404573859421	0.021167025383543	0.00254078629660881	8118	0.0607157659459293	0.0190739139722881	0.10235761791957	0.0212430096801309	0.00427218879417377	8117	2089	TRUE	8118	
