mgsid	estimate	lower	upper	se	p.value	n	estimate.infl	lower.infl	upper.infl	se.infl	p.value.infl	n.infl	rm.val	converg.infl.Var1	converg.infl.Freq	message
MF0042	0.0593157065034493	0.0170498293033097	0.101581583703589	0.0215613484586782	0.00595439656523032	8118	0.0558286036490252	0.0134297588486732	0.0982274484493772	0.0216291796071457	0.00986427230616518	8117	7479	TRUE	8118	
