mgsid	estimate	lower	upper	se	p.value	n	estimate.infl	lower.infl	upper.infl	se.infl	p.value.infl	n.infl	rm.val	converg.infl.Var1	converg.infl.Freq	message
MF0058	0.0582434211955176	0.0162198240773875	0.100267018313648	0.0214377512945368	0.00660461680100305	8118	0.0633995699489396	0.0210229431269324	0.105776196770947	0.0216178439188776	0.00336938206817238	8117	2181	TRUE	8118	
