mgsid	estimate	lower	upper	se	p.value	n	estimate.infl	lower.infl	upper.infl	se.infl	p.value.infl	n.infl	rm.val	converg.infl.Var1	converg.infl.Freq	message
MF0059	0.0798684593749316	0.0380728744878035	0.12166404426206	0.0213214352482839	0.000180997786156124	8118	0.0845029804126912	0.0424258359963436	0.126580124829039	0.0214650684522934	8.32887970424811e-05	8117	3234	TRUE	8118	
