mgsid	estimate	lower	upper	se	p.value	n	estimate.infl	lower.infl	upper.infl	se.infl	p.value.infl	n.infl	rm.val	converg.infl.Var1	converg.infl.Freq	message
MF0041	0.0559407210195374	0.0143701430633519	0.0975112989757229	0.021206650392239	0.00835865851189234	8118	0.0513675949738366	0.00959989669142792	0.0931352932562452	0.0213072081121342	0.0159396776030958	8117	4915	TRUE	8118	
