mgsid	estimate	lower	upper	se	p.value	n	estimate.infl	lower.infl	upper.infl	se.infl	p.value.infl	n.infl	rm.val	converg.infl.Var1	converg.infl.Freq	message
MF0040	0.0723465631941916	0.0304521668118051	0.114240959576578	0.0213718431572551	0.00071486323778077	8118	0.0681509022249082	0.0260788042023899	0.110223000247426	0.021462494767618	0.00150225893600561	8117	2527	TRUE	8118	
