mgsid	estimate	lower	upper	se	p.value	n	estimate.infl	lower.infl	upper.infl	se.infl	p.value.infl	n.infl	rm.val	converg.infl.Var1	converg.infl.Freq	message
MF0079	0.0648802223867844	0.0211409932840767	0.108619451489492	0.0223129574800046	0.00365057415474526	8118	0.0591725402829568	0.015099577317623	0.103245503248291	0.0224832067254465	0.00850835815567965	8117	2527	TRUE	8118	
