mgsid	estimate	lower	upper	se	p.value	n	estimate.infl	lower.infl	upper.infl	se.infl	p.value.infl	n.infl	rm.val	converg.infl.Var1	converg.infl.Freq	message
MF0093	0.0709112130867371	0.0270086444448003	0.114813781728674	0.0223962831868255	0.00155023559019815	8118	0.0782991370404645	0.0337824322429322	0.122815841837997	0.022709575593017	0.000567992534489431	8117	3234	TRUE	8118	
