basic_r.squared	basic_p.value	basic_n	basic_message	main_r.squared	main_p.value	main_n	main_message
0.000498670263522655	2.01127393530943e-25	8757		0.000182069526748861	0.00868287001713276	7921	
