name	id	level	caries_n	caries_or	caries_lower	caries_upper	caries_p.value	caries_q.value	caries_message	fillings_n	fillings_or	fillings_lower	fillings_upper	fillings_p.value	fillings_q.value	fillings_message	gingivitis_n	gingivitis_estimate	gingivitis_lower	gingivitis_upper	gingivitis_p.value	gingivitis_q.value	gingivitis_message
Streptococcus anginosus	Ho1B.0260	species	639	1.2366299622389	1.05490917034037	1.44965434608324	0.00881470003610195	0.0181592615588683		639	1.2186994523504	1.04068998049841	1.42715735040309	0.0140872856078962	0.0234788093464937		638	2.99600417238957	1.73020760515757	4.26180073962157	4.08724613502824e-06	2.04362306751412e-05	
Streptococcus parasanguinis	Ho1B.0005	species	639	1.24571650971099	1.05187564671787	1.47527859154129	0.010895556935321	0.0181592615588683		639	1.25722521783398	1.06954412771826	1.47784014459481	0.00551988796253231	0.0137997199063308		638	1.17829387116733	-0.128976780309536	2.4855645226442	0.0772112777300655	0.0965140971625819	
Streptococcus gordonii	Ho1B.0065	species	639	1.12730300009471	0.95239546800076	1.33433231962999	0.163629254353684	0.163629254353684		639	1.16776237047346	0.980261449009888	1.39112780092613	0.0824370079869912	0.0824370079869912		638	2.31017211310081	1.02953309260331	3.59081113359832	0.000425839516412927	0.00106459879103232	
Rothia mucilaginosa	Ho1B.0117	species	639	1.35139054536282	1.14231050445266	1.59873904597513	0.000445634262826734	0.00222817131413367		639	1.35811900377155	1.14905703026802	1.60521817439748	0.00033185346575817	0.00165926732879085		638	0.998415347143235	-0.32234047122984	2.31917116551631	0.138183105168147	0.138183105168147	
Bifidobacterium dentium	Ho1B.0146	species	639	1.16475096322357	0.999173886664448	1.35776647532206	0.0512476793274417	0.0640595991593021		639	1.22856545542952	1.01105615865046	1.49286769618161	0.0383994849034649	0.0479993561293311		638	1.7836438270946	0.504515963986516	3.06277169020269	0.00635124335510891	0.0105854055918482	
