name	id	level	caries_n	caries_or	caries_lower	caries_upper	caries_p.value	caries_q.value	caries_message	fillings_n	fillings_or	fillings_lower	fillings_upper	fillings_p.value	fillings_q.value	fillings_message	gingivitis_n	gingivitis_estimate	gingivitis_lower	gingivitis_upper	gingivitis_p.value	gingivitis_q.value	gingivitis_message
Streptococcus anginosus	Ho1B.0260	species	692	1.30374789588713	1.08767809186422	1.56274047325603	0.00411698296465996	0.0102924574116499		692	1.29381646164495	1.08177044711655	1.547427220706	0.00479342230798934	0.0119835557699733		691	2.99045729417593	1.76315047378564	4.21776411456623	2.10735990421208e-06	1.05367995210604e-05	
Streptococcus parasanguinis	Ho1B.0005	species	692	1.30172844363804	1.07672323058139	1.57375348914999	0.00646060214912751	0.0107676702485458		692	1.28171504771232	1.0671283382894	1.53945257059294	0.00793194860653139	0.013219914344219		691	0.923195257491831	-0.347571999796306	2.19396251477997	0.154204441026935	0.192755551283669	
Streptococcus gordonii	Ho1B.0065	species	692	1.17454238272067	0.97506663698506	1.41482618364707	0.0902496404632638	0.0902496404632638		692	1.17707461410174	0.969323255906444	1.42935252891165	0.0998681096189917	0.0998681096189917		691	2.29263826410061	1.05274771075655	3.53252881744467	0.000304180141901458	0.000760450354753646	
Rothia mucilaginosa	Ho1B.0117	species	692	1.34946479601256	1.34690080356795	1.35203366933423	0	0		692	1.45277560723503	1.20078256975303	1.75765123357112	0.000121803794845119	0.000609018974225595		691	0.829573027933396	-0.450070851203821	2.10921690707061	0.20349623168072	0.20349623168072	
Bifidobacterium dentium	Ho1B.0146	species	692	1.21187296194075	1.01865374546605	1.4417421841522	0.0301188084191353	0.0376485105239192		692	1.26357861514578	1.03286850751108	1.54582205289729	0.0229442682195602	0.0286803352744502		691	2.06132941612406	0.842462537019934	3.28019629522819	0.000946437506930155	0.00157739584488359	
