name	id	level	caries_n	caries_or	caries_lower	caries_upper	caries_p.value	caries_q.value	caries_message	fillings_n	fillings_or	fillings_lower	fillings_upper	fillings_p.value	fillings_q.value	fillings_message	gingivitis_n	gingivitis_estimate	gingivitis_lower	gingivitis_upper	gingivitis_p.value	gingivitis_q.value	gingivitis_message
Streptococcus anginosus	Ho1B.0260	species	692	1.30374789588713	1.08767809186422	1.56274047325603	0.00411698296465996	0.0123509488939799		692	1.29381646164495	1.08177044711655	1.547427220706	0.00479342230798934	0.014380266923968		691	2.99045729417593	1.76315047378564	4.21776411456623	2.10735990421208e-06	1.26441594252725e-05	
Streptococcus parasanguinis	Ho1B.0005	species	692	1.30172844363804	1.07672323058139	1.57375348914999	0.00646060214912751	0.012921204298255		692	1.28171504771232	1.0671283382894	1.53945257059294	0.00793194860653139	0.0158638972130628		691	0.923195257491831	-0.347571999796306	2.19396251477997	0.154204441026935	0.185045329232323	
Streptococcus gordonii	Ho1B.0065	species	692	1.17454238272067	0.97506663698506	1.41482618364707	0.0902496404632638	0.0902496404632638		692	1.17707461410174	0.969323255906444	1.42935252891165	0.0998681096189917	0.11984173154279		691	2.29263826410061	1.05274771075655	3.53252881744467	0.000304180141901458	0.000912540425704375	
Rothia mucilaginosa	Ho1B.0001	species	692	0.852455760142713	0.708887084645379	1.02510094871317	0.0897915285957678	0.0902496404632638		692	0.972310876325561	0.812341552899998	1.16378195458058	0.759476517140332	0.759476517140332		691	-1.75576809717766	-2.9952543306512	-0.516281863704126	0.00556416376647321	0.00834624564970981	
Rothia mucilaginosa	Ho1B.0117	species	692	1.34946479601256	1.34690080356795	1.35203366933423	0	0		692	1.45277560723503	1.20078256975303	1.75765123357112	0.000121803794845119	0.000730822769070713		691	0.829573027933396	-0.450070851203821	2.10921690707061	0.20349623168072	0.20349623168072	
Bifidobacterium dentium	Ho1B.0146	species	692	1.21187296194075	1.01865374546605	1.4417421841522	0.0301188084191353	0.045178212628703		692	1.26357861514578	1.03286850751108	1.54582205289729	0.0229442682195602	0.0344164023293403		691	2.06132941612406	0.842462537019934	3.28019629522819	0.000946437506930155	0.00189287501386031	
